Threads	Mean_WTime(s)	Sigma_WTime	Mean_CTime(s)	Sigma_CTime
1	2.08351	0.0219719	2	0
2	1.60556	0.0189475	2	0
3	1.36827	0.0162633	3	0
4	1.2668	0.0451091	3.2	0.447214
5	1.20712	0.0159101	4	0
6	1.20324	0.054603	4.4	0.547723
7	1.28328	0.010966	5.8	0.447214
8	1.24656	0.0147378	6	0
9	1.23669	0.021849	6.6	0.547723
10	1.20938	0.0137763	7	0
11	1.20615	0.0246358	7.2	0.447214
12	1.28398	0.118327	9	1.41421
